{"initial_reset_timestamp": 1595939445.6266642, "timestamps": [1595939514.8488593], "episode_lengths": [1640], "episode_rewards": [21.0], "episode_types": ["t"]}