{"initial_reset_timestamp": 1595939639.8895268, "timestamps": [1595939723.6726575], "episode_lengths": [1980], "episode_rewards": [-20.0], "episode_types": ["t"]}