{"initial_reset_timestamp": 1595938215.41267, "timestamps": [1595938354.0615892], "episode_lengths": [3299], "episode_rewards": [-9.0], "episode_types": ["t"]}